folder,filename,line,note
graphemes,a.mp3,"the sound of ""a""","Say the PURE sound, short and clipped — /sh/ not ""shuh"", /t/ not ""tuh"". Never the letter name."
graphemes,a_e.mp3,"the sound of ""a_e""","Say the PURE sound, short and clipped — /sh/ not ""shuh"", /t/ not ""tuh"". Never the letter name."
graphemes,ai.mp3,"the sound of ""ai""","Say the PURE sound, short and clipped — /sh/ not ""shuh"", /t/ not ""tuh"". Never the letter name."
graphemes,ar.mp3,"the sound of ""ar""","Say the PURE sound, short and clipped — /sh/ not ""shuh"", /t/ not ""tuh"". Never the letter name."
graphemes,au.mp3,"the sound of ""au""","Say the PURE sound, short and clipped — /sh/ not ""shuh"", /t/ not ""tuh"". Never the letter name."
graphemes,augh.mp3,"the sound of ""augh""","Say the PURE sound, short and clipped — /sh/ not ""shuh"", /t/ not ""tuh"". Never the letter name."
graphemes,aw.mp3,"the sound of ""aw""","Say the PURE sound, short and clipped — /sh/ not ""shuh"", /t/ not ""tuh"". Never the letter name."
graphemes,ay.mp3,"the sound of ""ay""","Say the PURE sound, short and clipped — /sh/ not ""shuh"", /t/ not ""tuh"". Never the letter name."
graphemes,b.mp3,"the sound of ""b""","Say the PURE sound, short and clipped — /sh/ not ""shuh"", /t/ not ""tuh"". Never the letter name."
graphemes,bl.mp3,"the sound of ""bl""","Say the PURE sound, short and clipped — /sh/ not ""shuh"", /t/ not ""tuh"". Never the letter name."
graphemes,br.mp3,"the sound of ""br""","Say the PURE sound, short and clipped — /sh/ not ""shuh"", /t/ not ""tuh"". Never the letter name."
graphemes,bt.mp3,"the sound of ""bt""","Say the PURE sound, short and clipped — /sh/ not ""shuh"", /t/ not ""tuh"". Never the letter name."
graphemes,c.mp3,"the sound of ""c""","Say the PURE sound, short and clipped — /sh/ not ""shuh"", /t/ not ""tuh"". Never the letter name."
graphemes,ch.mp3,"the sound of ""ch""","Say the PURE sound, short and clipped — /sh/ not ""shuh"", /t/ not ""tuh"". Never the letter name."
graphemes,ci.mp3,"the sound of ""ci""","Say the PURE sound, short and clipped — /sh/ not ""shuh"", /t/ not ""tuh"". Never the letter name."
graphemes,ck.mp3,"the sound of ""ck""","Say the PURE sound, short and clipped — /sh/ not ""shuh"", /t/ not ""tuh"". Never the letter name."
graphemes,cl.mp3,"the sound of ""cl""","Say the PURE sound, short and clipped — /sh/ not ""shuh"", /t/ not ""tuh"". Never the letter name."
graphemes,cr.mp3,"the sound of ""cr""","Say the PURE sound, short and clipped — /sh/ not ""shuh"", /t/ not ""tuh"". Never the letter name."
graphemes,ct.mp3,"the sound of ""ct""","Say the PURE sound, short and clipped — /sh/ not ""shuh"", /t/ not ""tuh"". Never the letter name."
graphemes,d.mp3,"the sound of ""d""","Say the PURE sound, short and clipped — /sh/ not ""shuh"", /t/ not ""tuh"". Never the letter name."
graphemes,dd.mp3,"the sound of ""dd""","Say the PURE sound, short and clipped — /sh/ not ""shuh"", /t/ not ""tuh"". Never the letter name."
graphemes,dge.mp3,"the sound of ""dge""","Say the PURE sound, short and clipped — /sh/ not ""shuh"", /t/ not ""tuh"". Never the letter name."
graphemes,dr.mp3,"the sound of ""dr""","Say the PURE sound, short and clipped — /sh/ not ""shuh"", /t/ not ""tuh"". Never the letter name."
graphemes,e.mp3,"the sound of ""e""","Say the PURE sound, short and clipped — /sh/ not ""shuh"", /t/ not ""tuh"". Never the letter name."
graphemes,e_e.mp3,"the sound of ""e_e""","Say the PURE sound, short and clipped — /sh/ not ""shuh"", /t/ not ""tuh"". Never the letter name."
graphemes,ea.mp3,"the sound of ""ea""","Say the PURE sound, short and clipped — /sh/ not ""shuh"", /t/ not ""tuh"". Never the letter name."
graphemes,ear.mp3,"the sound of ""ear""","Say the PURE sound, short and clipped — /sh/ not ""shuh"", /t/ not ""tuh"". Never the letter name."
graphemes,ee.mp3,"the sound of ""ee""","Say the PURE sound, short and clipped — /sh/ not ""shuh"", /t/ not ""tuh"". Never the letter name."
graphemes,eigh.mp3,"the sound of ""eigh""","Say the PURE sound, short and clipped — /sh/ not ""shuh"", /t/ not ""tuh"". Never the letter name."
graphemes,er.mp3,"the sound of ""er""","Say the PURE sound, short and clipped — /sh/ not ""shuh"", /t/ not ""tuh"". Never the letter name."
graphemes,ew.mp3,"the sound of ""ew""","Say the PURE sound, short and clipped — /sh/ not ""shuh"", /t/ not ""tuh"". Never the letter name."
graphemes,f.mp3,"the sound of ""f""","Say the PURE sound, short and clipped — /sh/ not ""shuh"", /t/ not ""tuh"". Never the letter name."
graphemes,ff.mp3,"the sound of ""ff""","Say the PURE sound, short and clipped — /sh/ not ""shuh"", /t/ not ""tuh"". Never the letter name."
graphemes,fl.mp3,"the sound of ""fl""","Say the PURE sound, short and clipped — /sh/ not ""shuh"", /t/ not ""tuh"". Never the letter name."
graphemes,fr.mp3,"the sound of ""fr""","Say the PURE sound, short and clipped — /sh/ not ""shuh"", /t/ not ""tuh"". Never the letter name."
graphemes,ft.mp3,"the sound of ""ft""","Say the PURE sound, short and clipped — /sh/ not ""shuh"", /t/ not ""tuh"". Never the letter name."
graphemes,g.mp3,"the sound of ""g""","Say the PURE sound, short and clipped — /sh/ not ""shuh"", /t/ not ""tuh"". Never the letter name."
graphemes,gg.mp3,"the sound of ""gg""","Say the PURE sound, short and clipped — /sh/ not ""shuh"", /t/ not ""tuh"". Never the letter name."
graphemes,gl.mp3,"the sound of ""gl""","Say the PURE sound, short and clipped — /sh/ not ""shuh"", /t/ not ""tuh"". Never the letter name."
graphemes,gr.mp3,"the sound of ""gr""","Say the PURE sound, short and clipped — /sh/ not ""shuh"", /t/ not ""tuh"". Never the letter name."
graphemes,h.mp3,"the sound of ""h""","Say the PURE sound, short and clipped — /sh/ not ""shuh"", /t/ not ""tuh"". Never the letter name."
graphemes,i.mp3,"the sound of ""i""","Say the PURE sound, short and clipped — /sh/ not ""shuh"", /t/ not ""tuh"". Never the letter name."
graphemes,i_e.mp3,"the sound of ""i_e""","Say the PURE sound, short and clipped — /sh/ not ""shuh"", /t/ not ""tuh"". Never the letter name."
graphemes,ie.mp3,"the sound of ""ie""","Say the PURE sound, short and clipped — /sh/ not ""shuh"", /t/ not ""tuh"". Never the letter name."
graphemes,igh.mp3,"the sound of ""igh""","Say the PURE sound, short and clipped — /sh/ not ""shuh"", /t/ not ""tuh"". Never the letter name."
graphemes,ir.mp3,"the sound of ""ir""","Say the PURE sound, short and clipped — /sh/ not ""shuh"", /t/ not ""tuh"". Never the letter name."
graphemes,j.mp3,"the sound of ""j""","Say the PURE sound, short and clipped — /sh/ not ""shuh"", /t/ not ""tuh"". Never the letter name."
graphemes,k.mp3,"the sound of ""k""","Say the PURE sound, short and clipped — /sh/ not ""shuh"", /t/ not ""tuh"". Never the letter name."
graphemes,kn.mp3,"the sound of ""kn""","Say the PURE sound, short and clipped — /sh/ not ""shuh"", /t/ not ""tuh"". Never the letter name."
graphemes,l.mp3,"the sound of ""l""","Say the PURE sound, short and clipped — /sh/ not ""shuh"", /t/ not ""tuh"". Never the letter name."
graphemes,ld.mp3,"the sound of ""ld""","Say the PURE sound, short and clipped — /sh/ not ""shuh"", /t/ not ""tuh"". Never the letter name."
graphemes,le.mp3,"the sound of ""le""","Say the PURE sound, short and clipped — /sh/ not ""shuh"", /t/ not ""tuh"". Never the letter name."
graphemes,lf.mp3,"the sound of ""lf""","Say the PURE sound, short and clipped — /sh/ not ""shuh"", /t/ not ""tuh"". Never the letter name."
graphemes,lk.mp3,"the sound of ""lk""","Say the PURE sound, short and clipped — /sh/ not ""shuh"", /t/ not ""tuh"". Never the letter name."
graphemes,ll.mp3,"the sound of ""ll""","Say the PURE sound, short and clipped — /sh/ not ""shuh"", /t/ not ""tuh"". Never the letter name."
graphemes,lp.mp3,"the sound of ""lp""","Say the PURE sound, short and clipped — /sh/ not ""shuh"", /t/ not ""tuh"". Never the letter name."
graphemes,lt.mp3,"the sound of ""lt""","Say the PURE sound, short and clipped — /sh/ not ""shuh"", /t/ not ""tuh"". Never the letter name."
graphemes,m.mp3,"the sound of ""m""","Say the PURE sound, short and clipped — /sh/ not ""shuh"", /t/ not ""tuh"". Never the letter name."
graphemes,mb.mp3,"the sound of ""mb""","Say the PURE sound, short and clipped — /sh/ not ""shuh"", /t/ not ""tuh"". Never the letter name."
graphemes,mp.mp3,"the sound of ""mp""","Say the PURE sound, short and clipped — /sh/ not ""shuh"", /t/ not ""tuh"". Never the letter name."
graphemes,n.mp3,"the sound of ""n""","Say the PURE sound, short and clipped — /sh/ not ""shuh"", /t/ not ""tuh"". Never the letter name."
graphemes,nce.mp3,"the sound of ""nce""","Say the PURE sound, short and clipped — /sh/ not ""shuh"", /t/ not ""tuh"". Never the letter name."
graphemes,nch.mp3,"the sound of ""nch""","Say the PURE sound, short and clipped — /sh/ not ""shuh"", /t/ not ""tuh"". Never the letter name."
graphemes,nd.mp3,"the sound of ""nd""","Say the PURE sound, short and clipped — /sh/ not ""shuh"", /t/ not ""tuh"". Never the letter name."
graphemes,ng.mp3,"the sound of ""ng""","Say the PURE sound, short and clipped — /sh/ not ""shuh"", /t/ not ""tuh"". Never the letter name."
graphemes,nk.mp3,"the sound of ""nk""","Say the PURE sound, short and clipped — /sh/ not ""shuh"", /t/ not ""tuh"". Never the letter name."
graphemes,nt.mp3,"the sound of ""nt""","Say the PURE sound, short and clipped — /sh/ not ""shuh"", /t/ not ""tuh"". Never the letter name."
graphemes,o.mp3,"the sound of ""o""","Say the PURE sound, short and clipped — /sh/ not ""shuh"", /t/ not ""tuh"". Never the letter name."
graphemes,o_e.mp3,"the sound of ""o_e""","Say the PURE sound, short and clipped — /sh/ not ""shuh"", /t/ not ""tuh"". Never the letter name."
graphemes,oa.mp3,"the sound of ""oa""","Say the PURE sound, short and clipped — /sh/ not ""shuh"", /t/ not ""tuh"". Never the letter name."
graphemes,oi.mp3,"the sound of ""oi""","Say the PURE sound, short and clipped — /sh/ not ""shuh"", /t/ not ""tuh"". Never the letter name."
graphemes,oo.mp3,"the sound of ""oo""","Say the PURE sound, short and clipped — /sh/ not ""shuh"", /t/ not ""tuh"". Never the letter name."
graphemes,or.mp3,"the sound of ""or""","Say the PURE sound, short and clipped — /sh/ not ""shuh"", /t/ not ""tuh"". Never the letter name."
graphemes,ou.mp3,"the sound of ""ou""","Say the PURE sound, short and clipped — /sh/ not ""shuh"", /t/ not ""tuh"". Never the letter name."
graphemes,ough.mp3,"the sound of ""ough""","Say the PURE sound, short and clipped — /sh/ not ""shuh"", /t/ not ""tuh"". Never the letter name."
graphemes,ow.mp3,"the sound of ""ow""","Say the PURE sound, short and clipped — /sh/ not ""shuh"", /t/ not ""tuh"". Never the letter name."
graphemes,oy.mp3,"the sound of ""oy""","Say the PURE sound, short and clipped — /sh/ not ""shuh"", /t/ not ""tuh"". Never the letter name."
graphemes,p.mp3,"the sound of ""p""","Say the PURE sound, short and clipped — /sh/ not ""shuh"", /t/ not ""tuh"". Never the letter name."
graphemes,ph.mp3,"the sound of ""ph""","Say the PURE sound, short and clipped — /sh/ not ""shuh"", /t/ not ""tuh"". Never the letter name."
graphemes,pl.mp3,"the sound of ""pl""","Say the PURE sound, short and clipped — /sh/ not ""shuh"", /t/ not ""tuh"". Never the letter name."
graphemes,pr.mp3,"the sound of ""pr""","Say the PURE sound, short and clipped — /sh/ not ""shuh"", /t/ not ""tuh"". Never the letter name."
graphemes,qu.mp3,"the sound of ""qu""","Say the PURE sound, short and clipped — /sh/ not ""shuh"", /t/ not ""tuh"". Never the letter name."
graphemes,r.mp3,"the sound of ""r""","Say the PURE sound, short and clipped — /sh/ not ""shuh"", /t/ not ""tuh"". Never the letter name."
graphemes,s.mp3,"the sound of ""s""","Say the PURE sound, short and clipped — /sh/ not ""shuh"", /t/ not ""tuh"". Never the letter name."
graphemes,scr.mp3,"the sound of ""scr""","Say the PURE sound, short and clipped — /sh/ not ""shuh"", /t/ not ""tuh"". Never the letter name."
graphemes,sh.mp3,"the sound of ""sh""","Say the PURE sound, short and clipped — /sh/ not ""shuh"", /t/ not ""tuh"". Never the letter name."
graphemes,shr.mp3,"the sound of ""shr""","Say the PURE sound, short and clipped — /sh/ not ""shuh"", /t/ not ""tuh"". Never the letter name."
graphemes,sk.mp3,"the sound of ""sk""","Say the PURE sound, short and clipped — /sh/ not ""shuh"", /t/ not ""tuh"". Never the letter name."
graphemes,sl.mp3,"the sound of ""sl""","Say the PURE sound, short and clipped — /sh/ not ""shuh"", /t/ not ""tuh"". Never the letter name."
graphemes,sm.mp3,"the sound of ""sm""","Say the PURE sound, short and clipped — /sh/ not ""shuh"", /t/ not ""tuh"". Never the letter name."
graphemes,sn.mp3,"the sound of ""sn""","Say the PURE sound, short and clipped — /sh/ not ""shuh"", /t/ not ""tuh"". Never the letter name."
graphemes,sp.mp3,"the sound of ""sp""","Say the PURE sound, short and clipped — /sh/ not ""shuh"", /t/ not ""tuh"". Never the letter name."
graphemes,spr.mp3,"the sound of ""spr""","Say the PURE sound, short and clipped — /sh/ not ""shuh"", /t/ not ""tuh"". Never the letter name."
graphemes,ss.mp3,"the sound of ""ss""","Say the PURE sound, short and clipped — /sh/ not ""shuh"", /t/ not ""tuh"". Never the letter name."
graphemes,st.mp3,"the sound of ""st""","Say the PURE sound, short and clipped — /sh/ not ""shuh"", /t/ not ""tuh"". Never the letter name."
graphemes,str.mp3,"the sound of ""str""","Say the PURE sound, short and clipped — /sh/ not ""shuh"", /t/ not ""tuh"". Never the letter name."
graphemes,sw.mp3,"the sound of ""sw""","Say the PURE sound, short and clipped — /sh/ not ""shuh"", /t/ not ""tuh"". Never the letter name."
graphemes,t.mp3,"the sound of ""t""","Say the PURE sound, short and clipped — /sh/ not ""shuh"", /t/ not ""tuh"". Never the letter name."
graphemes,tch.mp3,"the sound of ""tch""","Say the PURE sound, short and clipped — /sh/ not ""shuh"", /t/ not ""tuh"". Never the letter name."
graphemes,th.mp3,"the sound of ""th""","Say the PURE sound, short and clipped — /sh/ not ""shuh"", /t/ not ""tuh"". Never the letter name."
graphemes,thr.mp3,"the sound of ""thr""","Say the PURE sound, short and clipped — /sh/ not ""shuh"", /t/ not ""tuh"". Never the letter name."
graphemes,tle.mp3,"the sound of ""tle""","Say the PURE sound, short and clipped — /sh/ not ""shuh"", /t/ not ""tuh"". Never the letter name."
graphemes,tr.mp3,"the sound of ""tr""","Say the PURE sound, short and clipped — /sh/ not ""shuh"", /t/ not ""tuh"". Never the letter name."
graphemes,tw.mp3,"the sound of ""tw""","Say the PURE sound, short and clipped — /sh/ not ""shuh"", /t/ not ""tuh"". Never the letter name."
graphemes,u.mp3,"the sound of ""u""","Say the PURE sound, short and clipped — /sh/ not ""shuh"", /t/ not ""tuh"". Never the letter name."
graphemes,u_e.mp3,"the sound of ""u_e""","Say the PURE sound, short and clipped — /sh/ not ""shuh"", /t/ not ""tuh"". Never the letter name."
graphemes,ue.mp3,"the sound of ""ue""","Say the PURE sound, short and clipped — /sh/ not ""shuh"", /t/ not ""tuh"". Never the letter name."
graphemes,ui.mp3,"the sound of ""ui""","Say the PURE sound, short and clipped — /sh/ not ""shuh"", /t/ not ""tuh"". Never the letter name."
graphemes,ur.mp3,"the sound of ""ur""","Say the PURE sound, short and clipped — /sh/ not ""shuh"", /t/ not ""tuh"". Never the letter name."
graphemes,uy.mp3,"the sound of ""uy""","Say the PURE sound, short and clipped — /sh/ not ""shuh"", /t/ not ""tuh"". Never the letter name."
graphemes,v.mp3,"the sound of ""v""","Say the PURE sound, short and clipped — /sh/ not ""shuh"", /t/ not ""tuh"". Never the letter name."
graphemes,w.mp3,"the sound of ""w""","Say the PURE sound, short and clipped — /sh/ not ""shuh"", /t/ not ""tuh"". Never the letter name."
graphemes,wh.mp3,"the sound of ""wh""","Say the PURE sound, short and clipped — /sh/ not ""shuh"", /t/ not ""tuh"". Never the letter name."
graphemes,wr.mp3,"the sound of ""wr""","Say the PURE sound, short and clipped — /sh/ not ""shuh"", /t/ not ""tuh"". Never the letter name."
graphemes,x.mp3,"the sound of ""x""","Say the PURE sound, short and clipped — /sh/ not ""shuh"", /t/ not ""tuh"". Never the letter name."
graphemes,xt.mp3,"the sound of ""xt""","Say the PURE sound, short and clipped — /sh/ not ""shuh"", /t/ not ""tuh"". Never the letter name."
graphemes,y.mp3,"the sound of ""y""","Say the PURE sound, short and clipped — /sh/ not ""shuh"", /t/ not ""tuh"". Never the letter name."
graphemes,z.mp3,"the sound of ""z""","Say the PURE sound, short and clipped — /sh/ not ""shuh"", /t/ not ""tuh"". Never the letter name."
graphemes,zz.mp3,"the sound of ""zz""","Say the PURE sound, short and clipped — /sh/ not ""shuh"", /t/ not ""tuh"". Never the letter name."
ui,welcome.mp3,"Welcome to Evie's Reading Realms!",""
ui,lets-read.mp3,"Let's read!",""
ui,feed-me.mp3,"Feed me the word:",""
ui,yum.mp3,"Yum! Thank you!",""
ui,try-again.mp3,"Hmm, try again!",""
ui,this-one.mp3,"This word says… tap it!",""
ui,build-the-word.mp3,"Build the word:",""
ui,next-sound.mp3,"Find the next sound — this one!",""
ui,you-read-it.mp3,"You built it!",""
ui,read-sentence.mp3,"Read the sentence. Then tap ""I read it!""",""
ui,pick-picture.mp3,"Which picture matches? You pick!",""
ui,listen.mp3,"Yes! Listen:",""
ui,listen-match.mp3,"Listen, then tap the match:",""
ui,read-again-try.mp3,"Read the sentence one more time, then try again!",""
ui,celebrate.mp3,"You did it! A new treasure for your collection!",""
ui,read-phrase.mp3,"Read the magic phrase. Then tap ""I read it!""",""
ui,tap-heard.mp3,"Tap the word you heard!",""
ui,listen-tap.mp3,"Listen again, then tap it!",""
ui,this-word.mp3,"This one! Tap it!",""
ui,phrases-hub.mp3,"Magic phrases! Pick one to read!",""
ui,memory-word-intro.mp3,"This is a memory word. The heart part breaks the rules — we just remember it!",""
ui,memory-word-build.mp3,"Now you build it — you remember!",""
ui,memory-this-one.mp3,"It goes like this — this one!",""
ui,you-remembered-it.mp3,"You remembered it!",""
ui,lightning-round.mp3,"Lightning round! Ready… set… read!",""
ui,lightning-done.mp3,"You read five words — so fast!",""
ui,family-sort-intro.mp3,"Sort the words into their families!",""
ui,this-family.mp3,"It goes in this family! Tap it!",""
ui,family-sort-done.mp3,"You sorted the whole family!",""
ui,voyage-anchor.mp3,"Anchors away! Your reading adventure starts here!",""
ui,collection-book.mp3,"Your collection book! Look at everything you found!",""
ui,story-shelf.mp3,"Story pages! Pick a story to read!",""
ui,story-locked.mp3,"Keep adventuring — this story unlocks soon!",""
ui,story-the-end.mp3,"The end! You read the whole story!",""
ui,wardrobe-welcome.mp3,"Evie's wardrobe! Let's play dress-up!",""
ui,new-outfit.mp3,"Ooh! You look wonderful!",""
ui,need-pearls.mp3,"Read to earn more pearls!",""
ui,wardrobe-nudge.mp3,"Let's go read to earn more pearls!",""
ui,level-1.mp3,"Coral Cove! Here we go!",""
ui,level-2.mp3,"Coral Cove! Here we go!",""
ui,level-3.mp3,"Whisker Woods! Here we go!",""
ui,level-4.mp3,"Whisker Woods! Here we go!",""
ui,level-5.mp3,"Starlight Castle! Here we go!",""
ui,level-6.mp3,"Starlight Castle! Here we go!",""
ui,level-7.mp3,"Coral Cove! Here we go!",""
ui,level-8.mp3,"Whisker Woods! Here we go!",""
ui,level-9.mp3,"Starlight Castle! Here we go!",""
ui,collection-tab-cove.mp3,"Coral Cove!",""
ui,collection-tab-woods.mp3,"Whisker Woods!",""
ui,collection-tab-castle.mp3,"Starlight Castle!",""
ui,story-st01-p1.mp3,"A pup sat on hot sand.","""A Pup and a Duck"" page 1 — cozy storytime voice"
ui,story-st01-p2.mp3,"A duck got wet. It was fun.","""A Pup and a Duck"" page 2 — cozy storytime voice"
ui,story-st01-p3.mp3,"A pup and a duck had fun.","""A Pup and a Duck"" page 3 — cozy storytime voice"
ui,story-st01-p4.mp3,"At last, a nap in a hut.","""A Pup and a Duck"" page 4 — cozy storytime voice"
ui,story-st02-p1.mp3,"A hen sat on the nest.","""The Fox and the Hen"" page 1 — cozy storytime voice"
ui,story-st02-p2.mp3,"An egg fell off the nest.","""The Fox and the Hen"" page 2 — cozy storytime voice"
ui,story-st02-p3.mp3,"A fox ran up the hill with the egg.","""The Fox and the Hen"" page 3 — cozy storytime voice"
ui,story-st02-p4.mp3,"The fox put the egg back in the nest.","""The Fox and the Hen"" page 4 — cozy storytime voice"
ui,story-st02-p5.mp3,"The chick is with the hen at last.","""The Fox and the Hen"" page 5 — cozy storytime voice"
ui,story-st03-p1.mp3,"The king lost his ring.","""The Lost Ring"" page 1 — cozy storytime voice"
ui,story-st03-p2.mp3,"The king was sad and mad.","""The Lost Ring"" page 2 — cozy storytime voice"
ui,story-st03-p3.mp3,"The fox dug in the mud. The ring!","""The Lost Ring"" page 3 — cozy storytime voice"
ui,story-st03-p4.mp3,"The fox ran fast with the ring.","""The Lost Ring"" page 4 — cozy storytime voice"
ui,story-st03-p5.mp3,"The king had his ring. The king sang and sang.","""The Lost Ring"" page 5 — cozy storytime voice"
ui,story-st04-p1.mp3,"The prince can not dance.","""The Elf and the Prince"" page 1 — cozy storytime voice"
ui,story-st04-p2.mp3,"The elf can help him.","""The Elf and the Prince"" page 2 — cozy storytime voice"
ui,story-st04-p3.mp3,"Step and step. Twist and twist.","""The Elf and the Prince"" page 3 — cozy storytime voice"
ui,story-st04-p4.mp3,"At last the prince can dance!","""The Elf and the Prince"" page 4 — cozy storytime voice"
ui,story-st04-p5.mp3,"The king and the prince dance and dance.","""The Elf and the Prince"" page 5 — cozy storytime voice"
ui,story-st05-p1.mp3,"The rain fell all day.","""The Rain Day Cake"" page 1 — cozy storytime voice"
ui,story-st05-p2.mp3,"Sam and Tam can not play.","""The Rain Day Cake"" page 2 — cozy storytime voice"
ui,story-st05-p3.mp3,"Mom said, ""Let us bake a cake!""","""The Rain Day Cake"" page 3 — cozy storytime voice"
ui,story-st05-p4.mp3,"The cake is grand. What a day!","""The Rain Day Cake"" page 4 — cozy storytime voice"
ui,story-st05-p5.mp3,"The rain went away. The sun is back.","""The Rain Day Cake"" page 5 — cozy storytime voice"
ui,story-st06-p1.mp3,"The queen of the sea can see far.","""The Queen of the Sea"" page 1 — cozy storytime voice"
ui,story-st06-p2.mp3,"She can see a sad whale. The whale is lost.","""The Queen of the Sea"" page 2 — cozy storytime voice"
ui,story-st06-p3.mp3,"The queen said, ""Stay with me. We can swim back.""","""The Queen of the Sea"" page 3 — cozy storytime voice"
ui,story-st06-p4.mp3,"The queen and the whale swam and swam.","""The Queen of the Sea"" page 4 — cozy storytime voice"
ui,story-st06-p5.mp3,"At last! The whale is with the whale's mom.","""The Queen of the Sea"" page 5 — cozy storytime voice"
ui,reread-s001.mp3,"Read it again nice and smooth.",""
ui,reread-s002.mp3,"Read it like you are very hungry!",""
ui,reread-s004.mp3,"Read it in a big strong voice!",""
ui,reread-s006.mp3,"Read it again nice and smooth.",""
ui,reread-s007.mp3,"Read it in a sad, sad voice.",""
ui,reread-s008.mp3,"Read it super fast!",""
ui,reread-s011.mp3,"Read it in a whisper, like hiding!",""
ui,reread-s013.mp3,"Read it like a clucky hen!",""
ui,reread-s015.mp3,"Read it like a sneaky fox.",""
ui,reread-s016.mp3,"Read it like a silly duck!",""
ui,reread-s017.mp3,"Read it like it is the best gift ever!",""
ui,reread-s019.mp3,"Read it like a messy puppy!",""
ui,reread-s021.mp3,"Read it in a poor sick voice.",""
ui,reread-s023.mp3,"Read it in a missing-you voice.",""
ui,reread-s024.mp3,"Read it in a whisper, like a secret.",""
ui,reread-s025.mp3,"Read it like an emergency!",""
ui,reread-s027.mp3,"Read it like a tiny chick — peep peep!",""
ui,reread-s028.mp3,"Read it like a bossy big sister.",""
ui,reread-s030.mp3,"Read it in a big strong voice!",""
ui,reread-s033.mp3,"Read it like a bouncy frog!",""
ui,reread-s034.mp3,"Sing it like a king!",""
ui,reread-s036.mp3,"Read it like a magic spell!",""
ui,reread-s041.mp3,"Read it in a big strong voice!",""
ui,reread-s042.mp3,"Read it in a tiny elf voice!",""
ui,reread-s044.mp3,"Read it like an excited puppy!",""
ui,reread-s047.mp3,"Read it like a fancy prince!",""
ui,reread-s051.mp3,"Take a big sniff as you read!",""
ui,reread-s052.mp3,"Read it in a hissy snake voice!",""
ui,reread-s054.mp3,"Read it in a big whale voice!",""
ui,reread-s057.mp3,"Read it slooowly like a snail.",""
ui,reread-s062.mp3,"Read it in a dreamy voice.",""
ui,reread-s063.mp3,"Read it in a royal voice!",""
ui,reread-s066.mp3,"Read it in a deep, dark voice.",""
ui,reread-s068.mp3,"Read it in a sleepy voice.",""
ui,reread-s072.mp3,"Read it fast like a race!",""
ui,reread-s075.mp3,"Read it like a happy dog!",""
ui,reread-s076.mp3,"Read it like a silly goat!",""
ui,reread-s077.mp3,"Read it in a hushed night voice.",""
ui,reread-s078.mp3,"Shout it out — MOO!",""
ui,reread-s082.mp3,"Read it in a proud voice!",""
ui,reread-s083.mp3,"Read it in a tiny bird voice!",""
ui,reread-s084.mp3,"Read it slooowly like a turtle.",""
ui,reread-s086.mp3,"Read it in a soft bedtime voice.",""
ui,reread-s089.mp3,"Read it like a noble knight!",""
words,am.mp3,"am","lesson 1 — say it naturally, then leave a beat of silence"
words,an.mp3,"an","lesson 1 — say it naturally, then leave a beat of silence"
words,at.mp3,"at","lesson 1 — say it naturally, then leave a beat of silence"
words,ax.mp3,"ax","lesson 1 — say it naturally, then leave a beat of silence"
words,ant.mp3,"ant","lesson 1 — say it naturally, then leave a beat of silence"
words,sam.mp3,"Sam","lesson 1 — say it naturally, then leave a beat of silence"
words,sat.mp3,"sat","lesson 1 — say it naturally, then leave a beat of silence"
words,mat.mp3,"mat","lesson 1 — say it naturally, then leave a beat of silence"
words,man.mp3,"man","lesson 1 — say it naturally, then leave a beat of silence"
words,ham.mp3,"ham","lesson 2 — say it naturally, then leave a beat of silence"
words,hat.mp3,"hat","lesson 2 — say it naturally, then leave a beat of silence"
words,has.mp3,"has","lesson 2 — say it naturally, then leave a beat of silence"
words,tam.mp3,"Tam","lesson 2 — say it naturally, then leave a beat of silence"
words,tax.mp3,"tax","lesson 2 — say it naturally, then leave a beat of silence"
words,a.mp3,"a","lesson 3 — say it naturally, then leave a beat of silence"
words,as.mp3,"as","lesson 3 — say it naturally, then leave a beat of silence"
words,dad.mp3,"dad","lesson 4 — say it naturally, then leave a beat of silence"
words,had.mp3,"had","lesson 4 — say it naturally, then leave a beat of silence"
words,sad.mp3,"sad","lesson 4 — say it naturally, then leave a beat of silence"
words,mad.mp3,"mad","lesson 4 — say it naturally, then leave a beat of silence"
words,and.mp3,"and","lesson 4 — say it naturally, then leave a beat of silence"
words,sand.mp3,"sand","lesson 4 — say it naturally, then leave a beat of silence"
words,hand.mp3,"hand","lesson 4 — say it naturally, then leave a beat of silence"
words,wax.mp3,"wax","lesson 4 — say it naturally, then leave a beat of silence"
words,max.mp3,"Max","lesson 4 — say it naturally, then leave a beat of silence"
words,dan.mp3,"Dan","lesson 4 — say it naturally, then leave a beat of silence"
words,dam.mp3,"dam","lesson 4 — say it naturally, then leave a beat of silence"
words,was.mp3,"was","lesson 5 — say it naturally, then leave a beat of silence"
words,lad.mp3,"lad","lesson 6 — say it naturally, then leave a beat of silence"
words,land.mp3,"land","lesson 6 — say it naturally, then leave a beat of silence"
words,last.mp3,"last","lesson 6 — say it naturally, then leave a beat of silence"
words,cat.mp3,"cat","lesson 7 — say it naturally, then leave a beat of silence"
words,can.mp3,"can","lesson 7 — say it naturally, then leave a beat of silence"
words,bat.mp3,"bat","lesson 7 — say it naturally, then leave a beat of silence"
words,bag.mp3,"bag","lesson 7 — say it naturally, then leave a beat of silence"
words,fan.mp3,"fan","lesson 7 — say it naturally, then leave a beat of silence"
words,fat.mp3,"fat","lesson 7 — say it naturally, then leave a beat of silence"
words,jam.mp3,"jam","lesson 7 — say it naturally, then leave a beat of silence"
words,gas.mp3,"gas","lesson 7 — say it naturally, then leave a beat of silence"
words,fast.mp3,"fast","lesson 7 — say it naturally, then leave a beat of silence"
words,flag.mp3,"flag","lesson 7 — say it naturally, then leave a beat of silence"
words,pan.mp3,"pan","lesson 8 — say it naturally, then leave a beat of silence"
words,rat.mp3,"rat","lesson 8 — say it naturally, then leave a beat of silence"
words,ran.mp3,"ran","lesson 8 — say it naturally, then leave a beat of silence"
words,van.mp3,"van","lesson 8 — say it naturally, then leave a beat of silence"
words,map.mp3,"map","lesson 8 — say it naturally, then leave a beat of silence"
words,nap.mp3,"nap","lesson 8 — say it naturally, then leave a beat of silence"
words,cap.mp3,"cap","lesson 8 — say it naturally, then leave a beat of silence"
words,lap.mp3,"lap","lesson 8 — say it naturally, then leave a beat of silence"
words,tap.mp3,"tap","lesson 8 — say it naturally, then leave a beat of silence"
words,rag.mp3,"rag","lesson 8 — say it naturally, then leave a beat of silence"
words,plant.mp3,"plant","lesson 8 — say it naturally, then leave a beat of silence"
words,yak.mp3,"yak","lesson 9 — say it naturally, then leave a beat of silence"
words,yam.mp3,"yam","lesson 9 — say it naturally, then leave a beat of silence"
words,zap.mp3,"zap","lesson 9 — say it naturally, then leave a beat of silence"
words,ask.mp3,"ask","lesson 9 — say it naturally, then leave a beat of silence"
words,mask.mp3,"mask","lesson 9 — say it naturally, then leave a beat of silence"
words,pass.mp3,"pass","lesson 10 — say it naturally, then leave a beat of silence"
words,grass.mp3,"grass","lesson 10 — say it naturally, then leave a beat of silence"
words,jazz.mp3,"jazz","lesson 10 — say it naturally, then leave a beat of silence"
words,add.mp3,"add","lesson 10 — say it naturally, then leave a beat of silence"
words,pack.mp3,"pack","lesson 11 — say it naturally, then leave a beat of silence"
words,back.mp3,"back","lesson 11 — say it naturally, then leave a beat of silence"
words,sack.mp3,"sack","lesson 11 — say it naturally, then leave a beat of silence"
words,black.mp3,"black","lesson 11 — say it naturally, then leave a beat of silence"
words,snack.mp3,"snack","lesson 11 — say it naturally, then leave a beat of silence"
words,quack.mp3,"quack","lesson 11 — say it naturally, then leave a beat of silence"
words,bed.mp3,"bed","lesson 13 — say it naturally, then leave a beat of silence"
words,red.mp3,"red","lesson 13 — say it naturally, then leave a beat of silence"
words,fed.mp3,"fed","lesson 13 — say it naturally, then leave a beat of silence"
words,leg.mp3,"leg","lesson 13 — say it naturally, then leave a beat of silence"
words,hen.mp3,"hen","lesson 13 — say it naturally, then leave a beat of silence"
words,ten.mp3,"ten","lesson 13 — say it naturally, then leave a beat of silence"
words,pen.mp3,"pen","lesson 13 — say it naturally, then leave a beat of silence"
words,net.mp3,"net","lesson 13 — say it naturally, then leave a beat of silence"
words,pet.mp3,"pet","lesson 13 — say it naturally, then leave a beat of silence"
words,wet.mp3,"wet","lesson 13 — say it naturally, then leave a beat of silence"
words,vet.mp3,"vet","lesson 13 — say it naturally, then leave a beat of silence"
words,jet.mp3,"jet","lesson 13 — say it naturally, then leave a beat of silence"
words,yes.mp3,"yes","lesson 13 — say it naturally, then leave a beat of silence"
words,get.mp3,"get","lesson 13 — say it naturally, then leave a beat of silence"
words,tell.mp3,"tell","lesson 13 — say it naturally, then leave a beat of silence"
words,bell.mp3,"bell","lesson 13 — say it naturally, then leave a beat of silence"
words,well.mp3,"well","lesson 13 — say it naturally, then leave a beat of silence"
words,egg.mp3,"egg","lesson 13 — say it naturally, then leave a beat of silence"
words,nest.mp3,"nest","lesson 13 — say it naturally, then leave a beat of silence"
words,tent.mp3,"tent","lesson 13 — say it naturally, then leave a beat of silence"
words,sit.mp3,"sit","lesson 13 — say it naturally, then leave a beat of silence"
words,six.mp3,"six","lesson 13 — say it naturally, then leave a beat of silence"
words,big.mp3,"big","lesson 13 — say it naturally, then leave a beat of silence"
words,dig.mp3,"dig","lesson 13 — say it naturally, then leave a beat of silence"
words,pig.mp3,"pig","lesson 13 — say it naturally, then leave a beat of silence"
words,wig.mp3,"wig","lesson 13 — say it naturally, then leave a beat of silence"
words,win.mp3,"win","lesson 13 — say it naturally, then leave a beat of silence"
words,fin.mp3,"fin","lesson 13 — say it naturally, then leave a beat of silence"
words,pin.mp3,"pin","lesson 13 — say it naturally, then leave a beat of silence"
words,lip.mp3,"lip","lesson 13 — say it naturally, then leave a beat of silence"
words,zip.mp3,"zip","lesson 13 — say it naturally, then leave a beat of silence"
words,hid.mp3,"hid","lesson 13 — say it naturally, then leave a beat of silence"
words,his.mp3,"his","lesson 13 — say it naturally, then leave a beat of silence"
words,him.mp3,"him","lesson 13 — say it naturally, then leave a beat of silence"
words,in.mp3,"in","lesson 13 — say it naturally, then leave a beat of silence"
words,is.mp3,"is","lesson 13 — say it naturally, then leave a beat of silence"
words,it.mp3,"it","lesson 13 — say it naturally, then leave a beat of silence"
words,if.mp3,"if","lesson 13 — say it naturally, then leave a beat of silence"
words,ill.mp3,"ill","lesson 13 — say it naturally, then leave a beat of silence"
words,fix.mp3,"fix","lesson 13 — say it naturally, then leave a beat of silence"
words,mix.mp3,"mix","lesson 13 — say it naturally, then leave a beat of silence"
words,did.mp3,"did","lesson 13 — say it naturally, then leave a beat of silence"
words,sick.mp3,"sick","lesson 13 — say it naturally, then leave a beat of silence"
words,pick.mp3,"pick","lesson 13 — say it naturally, then leave a beat of silence"
words,kick.mp3,"kick","lesson 13 — say it naturally, then leave a beat of silence"
words,quick.mp3,"quick","lesson 13 — say it naturally, then leave a beat of silence"
words,quit.mp3,"quit","lesson 13 — say it naturally, then leave a beat of silence"
words,quill.mp3,"quill","lesson 13 — say it naturally, then leave a beat of silence"
words,hill.mp3,"hill","lesson 13 — say it naturally, then leave a beat of silence"
words,will.mp3,"will","lesson 13 — say it naturally, then leave a beat of silence"
words,bill.mp3,"Bill","lesson 13 — say it naturally, then leave a beat of silence"
words,jill.mp3,"Jill","lesson 13 — say it naturally, then leave a beat of silence"
words,miss.mp3,"miss","lesson 13 — say it naturally, then leave a beat of silence"
words,kiss.mp3,"kiss","lesson 13 — say it naturally, then leave a beat of silence"
words,milk.mp3,"milk","lesson 13 — say it naturally, then leave a beat of silence"
words,fell.mp3,"fell","lesson 13 — say it naturally, then leave a beat of silence"
words,let.mp3,"let","lesson 13 — say it naturally, then leave a beat of silence"
words,dog.mp3,"dog","lesson 14 — say it naturally, then leave a beat of silence"
words,log.mp3,"log","lesson 14 — say it naturally, then leave a beat of silence"
words,fog.mp3,"fog","lesson 14 — say it naturally, then leave a beat of silence"
words,jog.mp3,"jog","lesson 14 — say it naturally, then leave a beat of silence"
words,hot.mp3,"hot","lesson 14 — say it naturally, then leave a beat of silence"
words,pot.mp3,"pot","lesson 14 — say it naturally, then leave a beat of silence"
words,dot.mp3,"dot","lesson 14 — say it naturally, then leave a beat of silence"
words,got.mp3,"got","lesson 14 — say it naturally, then leave a beat of silence"
words,not.mp3,"not","lesson 14 — say it naturally, then leave a beat of silence"
words,on.mp3,"on","lesson 14 — say it naturally, then leave a beat of silence"
words,top.mp3,"top","lesson 14 — say it naturally, then leave a beat of silence"
words,mop.mp3,"mop","lesson 14 — say it naturally, then leave a beat of silence"
words,hop.mp3,"hop","lesson 14 — say it naturally, then leave a beat of silence"
words,pop.mp3,"pop","lesson 14 — say it naturally, then leave a beat of silence"
words,box.mp3,"box","lesson 14 — say it naturally, then leave a beat of silence"
words,fox.mp3,"fox","lesson 14 — say it naturally, then leave a beat of silence"
words,ox.mp3,"ox","lesson 14 — say it naturally, then leave a beat of silence"
words,job.mp3,"job","lesson 14 — say it naturally, then leave a beat of silence"
words,mom.mp3,"mom","lesson 14 — say it naturally, then leave a beat of silence"
words,doll.mp3,"doll","lesson 14 — say it naturally, then leave a beat of silence"
words,sock.mp3,"sock","lesson 14 — say it naturally, then leave a beat of silence"
words,rock.mp3,"rock","lesson 14 — say it naturally, then leave a beat of silence"
words,lock.mp3,"lock","lesson 14 — say it naturally, then leave a beat of silence"
words,bug.mp3,"bug","lesson 14 — say it naturally, then leave a beat of silence"
words,dug.mp3,"dug","lesson 14 — say it naturally, then leave a beat of silence"
words,mud.mp3,"mud","lesson 14 — say it naturally, then leave a beat of silence"
words,sun.mp3,"sun","lesson 14 — say it naturally, then leave a beat of silence"
words,run.mp3,"run","lesson 14 — say it naturally, then leave a beat of silence"
words,fun.mp3,"fun","lesson 14 — say it naturally, then leave a beat of silence"
words,bun.mp3,"bun","lesson 14 — say it naturally, then leave a beat of silence"
words,cup.mp3,"cup","lesson 14 — say it naturally, then leave a beat of silence"
words,cut.mp3,"cut","lesson 14 — say it naturally, then leave a beat of silence"
words,nut.mp3,"nut","lesson 14 — say it naturally, then leave a beat of silence"
words,hut.mp3,"hut","lesson 14 — say it naturally, then leave a beat of silence"
words,but.mp3,"but","lesson 14 — say it naturally, then leave a beat of silence"
words,bus.mp3,"bus","lesson 14 — say it naturally, then leave a beat of silence"
words,gum.mp3,"gum","lesson 14 — say it naturally, then leave a beat of silence"
words,hug.mp3,"hug","lesson 14 — say it naturally, then leave a beat of silence"
words,tub.mp3,"tub","lesson 14 — say it naturally, then leave a beat of silence"
words,cub.mp3,"cub","lesson 14 — say it naturally, then leave a beat of silence"
words,up.mp3,"up","lesson 14 — say it naturally, then leave a beat of silence"
words,us.mp3,"us","lesson 14 — say it naturally, then leave a beat of silence"
words,pup.mp3,"pup","lesson 14 — say it naturally, then leave a beat of silence"
words,duck.mp3,"duck","lesson 14 — say it naturally, then leave a beat of silence"
words,luck.mp3,"luck","lesson 14 — say it naturally, then leave a beat of silence"
words,truck.mp3,"truck","lesson 14 — say it naturally, then leave a beat of silence"
words,jump.mp3,"jump","lesson 14 — say it naturally, then leave a beat of silence"
words,lost.mp3,"lost","lesson 14 — say it naturally, then leave a beat of silence"
words,phil.mp3,"Phil","lesson 18 — say it naturally, then leave a beat of silence"
words,philip.mp3,"Philip","lesson 18 — say it naturally, then leave a beat of silence"
words,the.mp3,"the","lesson 19 — say it naturally, then leave a beat of silence"
words,that.mp3,"that","lesson 19 — say it naturally, then leave a beat of silence"
words,than.mp3,"than","lesson 19 — say it naturally, then leave a beat of silence"
words,them.mp3,"them","lesson 19 — say it naturally, then leave a beat of silence"
words,then.mp3,"then","lesson 19 — say it naturally, then leave a beat of silence"
words,this.mp3,"this","lesson 19 — say it naturally, then leave a beat of silence"
words,bath.mp3,"bath","lesson 19 — say it naturally, then leave a beat of silence"
words,path.mp3,"path","lesson 19 — say it naturally, then leave a beat of silence"
words,with.mp3,"with","lesson 19 — say it naturally, then leave a beat of silence"
words,math.mp3,"math","lesson 19 — say it naturally, then leave a beat of silence"
words,thin.mp3,"thin","lesson 19 — say it naturally, then leave a beat of silence"
words,moth.mp3,"moth","lesson 19 — say it naturally, then leave a beat of silence"
words,seth.mp3,"Seth","lesson 19 — say it naturally, then leave a beat of silence"
words,son.mp3,"son","lesson 20 — say it naturally, then leave a beat of silence"
words,won.mp3,"won","lesson 20 — say it naturally, then leave a beat of silence"
words,of.mp3,"of","lesson 20 — say it naturally, then leave a beat of silence"
words,off.mp3,"off","lesson 20 — say it naturally, then leave a beat of silence"
words,deck.mp3,"deck","lesson 20 — say it naturally, then leave a beat of silence"
words,put.mp3,"put","lesson 24 — say it naturally, then leave a beat of silence"
words,pull.mp3,"pull","lesson 24 — say it naturally, then leave a beat of silence"
words,push.mp3,"push","lesson 26 — say it naturally, then leave a beat of silence"
words,ship.mp3,"ship","lesson 26 — say it naturally, then leave a beat of silence"
words,shop.mp3,"shop","lesson 26 — say it naturally, then leave a beat of silence"
words,shut.mp3,"shut","lesson 26 — say it naturally, then leave a beat of silence"
words,shed.mp3,"shed","lesson 26 — say it naturally, then leave a beat of silence"
words,shell.mp3,"shell","lesson 26 — say it naturally, then leave a beat of silence"
words,fish.mp3,"fish","lesson 26 — say it naturally, then leave a beat of silence"
words,dish.mp3,"dish","lesson 26 — say it naturally, then leave a beat of silence"
words,wish.mp3,"wish","lesson 26 — say it naturally, then leave a beat of silence"
words,rush.mp3,"rush","lesson 26 — say it naturally, then leave a beat of silence"
words,cash.mp3,"cash","lesson 26 — say it naturally, then leave a beat of silence"
words,dash.mp3,"dash","lesson 26 — say it naturally, then leave a beat of silence"
words,wash.mp3,"wash","lesson 26 — say it naturally, then leave a beat of silence"
words,chin.mp3,"chin","lesson 28 — say it naturally, then leave a beat of silence"
words,chop.mp3,"chop","lesson 28 — say it naturally, then leave a beat of silence"
words,chat.mp3,"chat","lesson 28 — say it naturally, then leave a beat of silence"
words,chest.mp3,"chest","lesson 28 — say it naturally, then leave a beat of silence"
words,chick.mp3,"chick","lesson 28 — say it naturally, then leave a beat of silence"
words,much.mp3,"much","lesson 28 — say it naturally, then leave a beat of silence"
words,rich.mp3,"rich","lesson 28 — say it naturally, then leave a beat of silence"
words,such.mp3,"such","lesson 28 — say it naturally, then leave a beat of silence"
words,check.mp3,"check","lesson 28 — say it naturally, then leave a beat of silence"
words,when.mp3,"when","lesson 30 — say it naturally, then leave a beat of silence"
words,whip.mp3,"whip","lesson 30 — say it naturally, then leave a beat of silence"
words,whiz.mp3,"whiz","lesson 30 — say it naturally, then leave a beat of silence"
words,which.mp3,"which","lesson 30 — say it naturally, then leave a beat of silence"
words,what.mp3,"what","lesson 30 — say it naturally, then leave a beat of silence"
words,crab.mp3,"crab","lesson 31 — say it naturally, then leave a beat of silence"
words,frog.mp3,"frog","lesson 31 — say it naturally, then leave a beat of silence"
words,swim.mp3,"swim","lesson 31 — say it naturally, then leave a beat of silence"
words,swam.mp3,"swam","lesson 31 — say it naturally, then leave a beat of silence"
words,drum.mp3,"drum","lesson 31 — say it naturally, then leave a beat of silence"
words,glad.mp3,"glad","lesson 31 — say it naturally, then leave a beat of silence"
words,clap.mp3,"clap","lesson 31 — say it naturally, then leave a beat of silence"
words,grin.mp3,"grin","lesson 31 — say it naturally, then leave a beat of silence"
words,trip.mp3,"trip","lesson 31 — say it naturally, then leave a beat of silence"
words,brush.mp3,"brush","lesson 31 — say it naturally, then leave a beat of silence"
words,splash.mp3,"splash","lesson 31 — say it naturally, then leave a beat of silence"
words,stop.mp3,"stop","lesson 31 — say it naturally, then leave a beat of silence"
words,step.mp3,"step","lesson 31 — say it naturally, then leave a beat of silence"
words,sled.mp3,"sled","lesson 31 — say it naturally, then leave a beat of silence"
words,all.mp3,"all","lesson 35 — say it naturally, then leave a beat of silence"
words,ring.mp3,"ring","lesson 37 — say it naturally, then leave a beat of silence"
words,king.mp3,"king","lesson 37 — say it naturally, then leave a beat of silence"
words,sing.mp3,"sing","lesson 37 — say it naturally, then leave a beat of silence"
words,sang.mp3,"sang","lesson 37 — say it naturally, then leave a beat of silence"
words,song.mp3,"song","lesson 37 — say it naturally, then leave a beat of silence"
words,long.mp3,"long","lesson 37 — say it naturally, then leave a beat of silence"
words,wing.mp3,"wing","lesson 37 — say it naturally, then leave a beat of silence"
words,wand.mp3,"wand","lesson 41 — say it naturally, then leave a beat of silence"
words,want.mp3,"want","lesson 41 — say it naturally, then leave a beat of silence"
words,pond.mp3,"pond","lesson 41 — say it naturally, then leave a beat of silence"
words,wind.mp3,"wind","lesson 41 — say it naturally, then leave a beat of silence"
words,end.mp3,"end","lesson 41 — say it naturally, then leave a beat of silence"
words,send.mp3,"send","lesson 41 — say it naturally, then leave a beat of silence"
words,went.mp3,"went","lesson 41 — say it naturally, then leave a beat of silence"
words,mint.mp3,"mint","lesson 41 — say it naturally, then leave a beat of silence"
words,pants.mp3,"pants","lesson 41 — say it naturally, then leave a beat of silence"
words,her.mp3,"her","lesson 43 — say it naturally, then leave a beat of silence"
words,sister.mp3,"sister","lesson 43 — say it naturally, then leave a beat of silence"
words,winter.mp3,"winter","lesson 43 — say it naturally, then leave a beat of silence"
words,summer.mp3,"summer","lesson 43 — say it naturally, then leave a beat of silence"
words,pink.mp3,"pink","lesson 43 — say it naturally, then leave a beat of silence"
words,wink.mp3,"wink","lesson 43 — say it naturally, then leave a beat of silence"
words,drink.mp3,"drink","lesson 43 — say it naturally, then leave a beat of silence"
words,thank.mp3,"thank","lesson 43 — say it naturally, then leave a beat of silence"
words,lunch.mp3,"lunch","lesson 43 — say it naturally, then leave a beat of silence"
words,branch.mp3,"branch","lesson 43 — say it naturally, then leave a beat of silence"
words,fern.mp3,"fern","lesson 43 — say it naturally, then leave a beat of silence"
words,gift.mp3,"gift","lesson 45 — say it naturally, then leave a beat of silence"
words,soft.mp3,"soft","lesson 45 — say it naturally, then leave a beat of silence"
words,left.mp3,"left","lesson 45 — say it naturally, then leave a beat of silence"
words,lift.mp3,"lift","lesson 45 — say it naturally, then leave a beat of silence"
words,raft.mp3,"raft","lesson 45 — say it naturally, then leave a beat of silence"
words,next.mp3,"next","lesson 45 — say it naturally, then leave a beat of silence"
words,fact.mp3,"fact","lesson 45 — say it naturally, then leave a beat of silence"
words,slip.mp3,"slip","lesson 47 — say it naturally, then leave a beat of silence"
words,spell.mp3,"spell","lesson 47 — say it naturally, then leave a beat of silence"
words,spill.mp3,"spill","lesson 47 — say it naturally, then leave a beat of silence"
words,stem.mp3,"stem","lesson 47 — say it naturally, then leave a beat of silence"
words,still.mp3,"still","lesson 47 — say it naturally, then leave a beat of silence"
words,elk.mp3,"elk","lesson 49 — say it naturally, then leave a beat of silence"
words,held.mp3,"held","lesson 49 — say it naturally, then leave a beat of silence"
words,elf.mp3,"elf","lesson 49 — say it naturally, then leave a beat of silence"
words,shelf.mp3,"shelf","lesson 49 — say it naturally, then leave a beat of silence"
words,golf.mp3,"golf","lesson 49 — say it naturally, then leave a beat of silence"
words,calf.mp3,"calf","lesson 49 — say it naturally, then leave a beat of silence"
words,half.mp3,"half","lesson 49 — say it naturally, then leave a beat of silence"
words,talk.mp3,"talk","lesson 49 — say it naturally, then leave a beat of silence"
words,walk.mp3,"walk","lesson 49 — say it naturally, then leave a beat of silence"
words,help.mp3,"help","lesson 51 — say it naturally, then leave a beat of silence"
words,melt.mp3,"melt","lesson 51 — say it naturally, then leave a beat of silence"
words,belt.mp3,"belt","lesson 51 — say it naturally, then leave a beat of silence"
words,lamp.mp3,"lamp","lesson 51 — say it naturally, then leave a beat of silence"
words,camp.mp3,"camp","lesson 51 — say it naturally, then leave a beat of silence"
words,stamp.mp3,"stamp","lesson 51 — say it naturally, then leave a beat of silence"
words,catch.mp3,"catch","lesson 51 — say it naturally, then leave a beat of silence"
words,patch.mp3,"patch","lesson 51 — say it naturally, then leave a beat of silence"
words,fetch.mp3,"fetch","lesson 51 — say it naturally, then leave a beat of silence"
words,halt.mp3,"halt","lesson 51 — say it naturally, then leave a beat of silence"
words,bridge.mp3,"bridge","lesson 53 — say it naturally, then leave a beat of silence"
words,badge.mp3,"badge","lesson 53 — say it naturally, then leave a beat of silence"
words,hedge.mp3,"hedge","lesson 53 — say it naturally, then leave a beat of silence"
words,fudge.mp3,"fudge","lesson 53 — say it naturally, then leave a beat of silence"
words,prince.mp3,"prince","lesson 53 — say it naturally, then leave a beat of silence"
words,dance.mp3,"dance","lesson 53 — say it naturally, then leave a beat of silence"
words,one.mp3,"one","lesson 53 — say it naturally, then leave a beat of silence"
words,once.mp3,"once","lesson 53 — say it naturally, then leave a beat of silence"
words,block.mp3,"block","lesson 55 — say it naturally, then leave a beat of silence"
words,brick.mp3,"brick","lesson 55 — say it naturally, then leave a beat of silence"
words,club.mp3,"club","lesson 55 — say it naturally, then leave a beat of silence"
words,clock.mp3,"clock","lesson 55 — say it naturally, then leave a beat of silence"
words,crunch.mp3,"crunch","lesson 55 — say it naturally, then leave a beat of silence"
words,dress.mp3,"dress","lesson 57 — say it naturally, then leave a beat of silence"
words,fresh.mp3,"fresh","lesson 57 — say it naturally, then leave a beat of silence"
words,flash.mp3,"flash","lesson 57 — say it naturally, then leave a beat of silence"
words,frost.mp3,"frost","lesson 57 — say it naturally, then leave a beat of silence"
words,glass.mp3,"glass","lesson 59 — say it naturally, then leave a beat of silence"
words,grand.mp3,"grand","lesson 59 — say it naturally, then leave a beat of silence"
words,print.mp3,"print","lesson 59 — say it naturally, then leave a beat of silence"
words,smell.mp3,"smell","lesson 61 — say it naturally, then leave a beat of silence"
words,snap.mp3,"snap","lesson 61 — say it naturally, then leave a beat of silence"
words,spring.mp3,"spring","lesson 61 — say it naturally, then leave a beat of silence"
words,shrimp.mp3,"shrimp","lesson 61 — say it naturally, then leave a beat of silence"
words,string.mp3,"string","lesson 62 — say it naturally, then leave a beat of silence"
words,strong.mp3,"strong","lesson 62 — say it naturally, then leave a beat of silence"
words,skunk.mp3,"skunk","lesson 62 — say it naturally, then leave a beat of silence"
words,skip.mp3,"skip","lesson 62 — say it naturally, then leave a beat of silence"
words,scrub.mp3,"scrub","lesson 62 — say it naturally, then leave a beat of silence"
words,twin.mp3,"twin","lesson 64 — say it naturally, then leave a beat of silence"
words,twist.mp3,"twist","lesson 64 — say it naturally, then leave a beat of silence"
words,thrill.mp3,"thrill","lesson 64 — say it naturally, then leave a beat of silence"
words,trunk.mp3,"trunk","lesson 64 — say it naturally, then leave a beat of silence"
words,cake.mp3,"cake","lesson 66 — say it naturally, then leave a beat of silence"
words,lake.mp3,"lake","lesson 66 — say it naturally, then leave a beat of silence"
words,name.mp3,"name","lesson 66 — say it naturally, then leave a beat of silence"
words,game.mp3,"game","lesson 66 — say it naturally, then leave a beat of silence"
words,wave.mp3,"wave","lesson 66 — say it naturally, then leave a beat of silence"
words,snake.mp3,"snake","lesson 66 — say it naturally, then leave a beat of silence"
words,whale.mp3,"whale","lesson 66 — say it naturally, then leave a beat of silence"
words,grape.mp3,"grape","lesson 66 — say it naturally, then leave a beat of silence"
words,brave.mp3,"brave","lesson 66 — say it naturally, then leave a beat of silence"
words,late.mp3,"late","lesson 66 — say it naturally, then leave a beat of silence"
words,bake.mp3,"bake","lesson 66 — say it naturally, then leave a beat of silence"
words,plate.mp3,"plate","lesson 66 — say it naturally, then leave a beat of silence"
words,gate.mp3,"gate","lesson 66 — say it naturally, then leave a beat of silence"
words,ate.mp3,"ate","lesson 66 — say it naturally, then leave a beat of silence"
words,made.mp3,"made","lesson 66 — say it naturally, then leave a beat of silence"
words,are.mp3,"are","lesson 66 — say it naturally, then leave a beat of silence"
words,have.mp3,"have","lesson 66 — say it naturally, then leave a beat of silence"
words,rain.mp3,"rain","lesson 70 — say it naturally, then leave a beat of silence"
words,sail.mp3,"sail","lesson 70 — say it naturally, then leave a beat of silence"
words,snail.mp3,"snail","lesson 70 — say it naturally, then leave a beat of silence"
words,paint.mp3,"paint","lesson 70 — say it naturally, then leave a beat of silence"
words,wait.mp3,"wait","lesson 70 — say it naturally, then leave a beat of silence"
words,train.mp3,"train","lesson 70 — say it naturally, then leave a beat of silence"
words,said.mp3,"said","lesson 70 — say it naturally, then leave a beat of silence"
words,again.mp3,"again","lesson 70 — say it naturally, then leave a beat of silence"
words,against.mp3,"against","lesson 70 — say it naturally, then leave a beat of silence"
words,day.mp3,"day","lesson 72 — say it naturally, then leave a beat of silence"
words,play.mp3,"play","lesson 72 — say it naturally, then leave a beat of silence"
words,say.mp3,"say","lesson 72 — say it naturally, then leave a beat of silence"
words,stay.mp3,"stay","lesson 72 — say it naturally, then leave a beat of silence"
words,away.mp3,"away","lesson 72 — say it naturally, then leave a beat of silence"
words,eight.mp3,"eight","lesson 74 — say it naturally, then leave a beat of silence"
words,neigh.mp3,"neigh","lesson 74 — say it naturally, then leave a beat of silence"
words,height.mp3,"height","lesson 74 — say it naturally, then leave a beat of silence"
words,paw.mp3,"paw","lesson 76 — say it naturally, then leave a beat of silence"
words,saw.mp3,"saw","lesson 76 — say it naturally, then leave a beat of silence"
words,draw.mp3,"draw","lesson 76 — say it naturally, then leave a beat of silence"
words,yawn.mp3,"yawn","lesson 76 — say it naturally, then leave a beat of silence"
words,dawn.mp3,"dawn","lesson 76 — say it naturally, then leave a beat of silence"
words,hawk.mp3,"hawk","lesson 76 — say it naturally, then leave a beat of silence"
words,launch.mp3,"launch","lesson 76 — say it naturally, then leave a beat of silence"
words,star.mp3,"star","lesson 80 — say it naturally, then leave a beat of silence"
words,car.mp3,"car","lesson 80 — say it naturally, then leave a beat of silence"
words,far.mp3,"far","lesson 80 — say it naturally, then leave a beat of silence"
words,farm.mp3,"farm","lesson 80 — say it naturally, then leave a beat of silence"
words,shark.mp3,"shark","lesson 80 — say it naturally, then leave a beat of silence"
words,dark.mp3,"dark","lesson 80 — say it naturally, then leave a beat of silence"
words,park.mp3,"park","lesson 80 — say it naturally, then leave a beat of silence"
words,card.mp3,"card","lesson 80 — say it naturally, then leave a beat of silence"
words,see.mp3,"see","lesson 82 — say it naturally, then leave a beat of silence"
words,bee.mp3,"bee","lesson 82 — say it naturally, then leave a beat of silence"
words,tree.mp3,"tree","lesson 82 — say it naturally, then leave a beat of silence"
words,feet.mp3,"feet","lesson 82 — say it naturally, then leave a beat of silence"
words,green.mp3,"green","lesson 82 — say it naturally, then leave a beat of silence"
words,sleep.mp3,"sleep","lesson 82 — say it naturally, then leave a beat of silence"
words,sheep.mp3,"sheep","lesson 82 — say it naturally, then leave a beat of silence"
words,queen.mp3,"queen","lesson 82 — say it naturally, then leave a beat of silence"
words,sweet.mp3,"sweet","lesson 82 — say it naturally, then leave a beat of silence"
words,three.mp3,"three","lesson 82 — say it naturally, then leave a beat of silence"
words,been.mp3,"been","lesson 84 — say it naturally, then leave a beat of silence"
words,she.mp3,"she","lesson 84 — say it naturally, then leave a beat of silence"
words,he.mp3,"he","lesson 84 — say it naturally, then leave a beat of silence"
words,be.mp3,"be","lesson 84 — say it naturally, then leave a beat of silence"
words,we.mp3,"we","lesson 84 — say it naturally, then leave a beat of silence"
words,me.mp3,"me","lesson 84 — say it naturally, then leave a beat of silence"
words,sea.mp3,"sea","lesson 86 — say it naturally, then leave a beat of silence"
words,eat.mp3,"eat","lesson 86 — say it naturally, then leave a beat of silence"
words,read.mp3,"read","lesson 86 — say it naturally, then leave a beat of silence"
words,beach.mp3,"beach","lesson 86 — say it naturally, then leave a beat of silence"
words,leaf.mp3,"leaf","lesson 86 — say it naturally, then leave a beat of silence"
words,peach.mp3,"peach","lesson 86 — say it naturally, then leave a beat of silence"
words,dream.mp3,"dream","lesson 86 — say it naturally, then leave a beat of silence"
words,clean.mp3,"clean","lesson 86 — say it naturally, then leave a beat of silence"
words,pete.mp3,"Pete","lesson 87 — say it naturally, then leave a beat of silence"
words,these.mp3,"these","lesson 87 — say it naturally, then leave a beat of silence"
words,pie.mp3,"pie","lesson 90 — say it naturally, then leave a beat of silence"
words,tie.mp3,"tie","lesson 90 — say it naturally, then leave a beat of silence"
words,cried.mp3,"cried","lesson 90 — say it naturally, then leave a beat of silence"
words,tried.mp3,"tried","lesson 90 — say it naturally, then leave a beat of silence"
words,my.mp3,"my","lesson 92 — say it naturally, then leave a beat of silence"
words,fly.mp3,"fly","lesson 92 — say it naturally, then leave a beat of silence"
words,sky.mp3,"sky","lesson 92 — say it naturally, then leave a beat of silence"
words,try.mp3,"try","lesson 92 — say it naturally, then leave a beat of silence"
words,happy.mp3,"happy","lesson 92 — say it naturally, then leave a beat of silence"
words,funny.mp3,"funny","lesson 92 — say it naturally, then leave a beat of silence"
words,buy.mp3,"buy","lesson 94 — say it naturally, then leave a beat of silence"
words,smile.mp3,"smile","lesson 96 — say it naturally, then leave a beat of silence"
words,bike.mp3,"bike","lesson 96 — say it naturally, then leave a beat of silence"
words,kite.mp3,"kite","lesson 96 — say it naturally, then leave a beat of silence"
words,time.mp3,"time","lesson 96 — say it naturally, then leave a beat of silence"
words,five.mp3,"five","lesson 96 — say it naturally, then leave a beat of silence"
words,ride.mp3,"ride","lesson 96 — say it naturally, then leave a beat of silence"
words,shine.mp3,"shine","lesson 96 — say it naturally, then leave a beat of silence"
words,night.mp3,"night","lesson 98 — say it naturally, then leave a beat of silence"
words,light.mp3,"light","lesson 98 — say it naturally, then leave a beat of silence"
words,high.mp3,"high","lesson 98 — say it naturally, then leave a beat of silence"
words,bright.mp3,"bright","lesson 98 — say it naturally, then leave a beat of silence"
words,laugh.mp3,"laugh","lesson 101 — say it naturally, then leave a beat of silence"
words,caught.mp3,"caught","lesson 101 — say it naturally, then leave a beat of silence"
words,home.mp3,"home","lesson 103 — say it naturally, then leave a beat of silence"
words,bone.mp3,"bone","lesson 103 — say it naturally, then leave a beat of silence"
words,nose.mp3,"nose","lesson 103 — say it naturally, then leave a beat of silence"
words,rose.mp3,"rose","lesson 103 — say it naturally, then leave a beat of silence"
words,rope.mp3,"rope","lesson 103 — say it naturally, then leave a beat of silence"
words,hope.mp3,"hope","lesson 103 — say it naturally, then leave a beat of silence"
words,boat.mp3,"boat","lesson 105 — say it naturally, then leave a beat of silence"
words,goat.mp3,"goat","lesson 105 — say it naturally, then leave a beat of silence"
words,snow.mp3,"snow","lesson 105 — say it naturally, then leave a beat of silence"
words,slow.mp3,"slow","lesson 105 — say it naturally, then leave a beat of silence"
words,yellow.mp3,"yellow","lesson 105 — say it naturally, then leave a beat of silence"
words,rainbow.mp3,"rainbow","lesson 105 — say it naturally, then leave a beat of silence"
words,moon.mp3,"moon","lesson 107 — say it naturally, then leave a beat of silence"
words,book.mp3,"book","lesson 107 — say it naturally, then leave a beat of silence"
words,spoon.mp3,"spoon","lesson 107 — say it naturally, then leave a beat of silence"
words,look.mp3,"look","lesson 107 — say it naturally, then leave a beat of silence"
words,zoo.mp3,"zoo","lesson 107 — say it naturally, then leave a beat of silence"
words,out.mp3,"out","lesson 109 — say it naturally, then leave a beat of silence"
words,cloud.mp3,"cloud","lesson 109 — say it naturally, then leave a beat of silence"
words,shout.mp3,"shout","lesson 109 — say it naturally, then leave a beat of silence"
words,found.mp3,"found","lesson 109 — say it naturally, then leave a beat of silence"
words,loud.mp3,"loud","lesson 109 — say it naturally, then leave a beat of silence"
words,cow.mp3,"cow","lesson 109 — say it naturally, then leave a beat of silence"
words,doubt.mp3,"doubt","lesson 110 — say it naturally, then leave a beat of silence"
words,boy.mp3,"boy","lesson 111 — say it naturally, then leave a beat of silence"
words,toy.mp3,"toy","lesson 111 — say it naturally, then leave a beat of silence"
words,coin.mp3,"coin","lesson 111 — say it naturally, then leave a beat of silence"
words,blue.mp3,"blue","lesson 113 — say it naturally, then leave a beat of silence"
words,fruit.mp3,"fruit","lesson 113 — say it naturally, then leave a beat of silence"
words,cute.mp3,"cute","lesson 113 — say it naturally, then leave a beat of silence"
words,mule.mp3,"mule","lesson 113 — say it naturally, then leave a beat of silence"
words,new.mp3,"new","lesson 115 — say it naturally, then leave a beat of silence"
words,flew.mp3,"flew","lesson 115 — say it naturally, then leave a beat of silence"
words,grew.mp3,"grew","lesson 115 — say it naturally, then leave a beat of silence"
words,through.mp3,"through","lesson 115 — say it naturally, then leave a beat of silence"
words,sew.mp3,"sew","lesson 115 — say it naturally, then leave a beat of silence"
words,bird.mp3,"bird","lesson 116 — say it naturally, then leave a beat of silence"
words,girl.mp3,"girl","lesson 116 — say it naturally, then leave a beat of silence"
words,corn.mp3,"corn","lesson 116 — say it naturally, then leave a beat of silence"
words,fork.mp3,"fork","lesson 116 — say it naturally, then leave a beat of silence"
words,turn.mp3,"turn","lesson 116 — say it naturally, then leave a beat of silence"
words,earth.mp3,"earth","lesson 116 — say it naturally, then leave a beat of silence"
words,little.mp3,"little","lesson 117 — say it naturally, then leave a beat of silence"
words,apple.mp3,"apple","lesson 117 — say it naturally, then leave a beat of silence"
words,purple.mp3,"purple","lesson 117 — say it naturally, then leave a beat of silence"
words,turtle.mp3,"turtle","lesson 117 — say it naturally, then leave a beat of silence"
words,candle.mp3,"candle","lesson 117 — say it naturally, then leave a beat of silence"
words,special.mp3,"special","lesson 118 — say it naturally, then leave a beat of silence"
words,lamb.mp3,"lamb","lesson 119 — say it naturally, then leave a beat of silence"
words,write.mp3,"write","lesson 119 — say it naturally, then leave a beat of silence"
words,knight.mp3,"knight","lesson 119 — say it naturally, then leave a beat of silence"
phrases,p001.mp3,"a sad lad",""
phrases,p002.mp3,"ham and jam",""
phrases,p003.mp3,"a fast van",""
phrases,p004.mp3,"a cat and a rat",""
phrases,p005.mp3,"Dad and Sam",""
phrases,p006.mp3,"a man ran fast",""
phrases,p007.mp3,"a mad yak",""
phrases,p010.mp3,"a big pig",""
phrases,p011.mp3,"a red bed",""
phrases,p012.mp3,"a snack in a sack",""
phrases,p013.mp3,"up a hill",""
phrases,p014.mp3,"a wet dog",""
phrases,p015.mp3,"fun in the sun",""
phrases,p016.mp3,"a duck and a pup",""
phrases,p017.mp3,"a big egg",""
phrases,p018.mp3,"a hot bun",""
phrases,p019.mp3,"mud on a truck",""
phrases,p020.mp3,"the big fish",""
phrases,p021.mp3,"a ship and a shell",""
phrases,p022.mp3,"chop the log",""
phrases,p023.mp3,"wash the dog",""
phrases,p024.mp3,"shut the shed",""
phrases,p025.mp3,"a chick in a nest",""
phrases,p026.mp3,"with them",""
phrases,p027.mp3,"on the path",""
phrases,p028.mp3,"a thin moth",""
phrases,p029.mp3,"rich with cash",""
phrases,p030.mp3,"a frog on a log",""
phrases,p031.mp3,"jump and swim",""
phrases,p032.mp3,"a king can sing",""
phrases,p033.mp3,"a long song",""
phrases,p034.mp3,"a wand and a ring",""
phrases,p035.mp3,"a pink drink",""
phrases,p036.mp3,"lunch with her sister",""
phrases,p037.mp3,"a soft gift",""
phrases,p040.mp3,"walk and talk",""
phrases,p041.mp3,"help her",""
phrases,p042.mp3,"fetch the hat",""
phrases,p043.mp3,"one big hug",""
phrases,p044.mp3,"a prince can dance",""
phrases,p045.mp3,"a clock on the shelf",""
phrases,p046.mp3,"a fresh dress",""
phrases,p047.mp3,"a strong king",""
phrases,p050.mp3,"a snake in the lake",""
phrases,p051.mp3,"cake on a plate",""
phrases,p052.mp3,"rain on the train",""
phrases,p053.mp3,"a snail on the path",""
phrases,p054.mp3,"sail away",""
phrases,p055.mp3,"play all day",""
phrases,p056.mp3,"yawn at dawn",""
phrases,p057.mp3,"draw a hawk",""
phrases,p060.mp3,"a shark in the dark",""
phrases,p061.mp3,"a car at the farm",""
phrases,p062.mp3,"a queen and a king",""
phrases,p063.mp3,"see the sea",""
phrases,p064.mp3,"a peach on the beach",""
phrases,p065.mp3,"a sweet dream",""
phrases,p066.mp3,"try my pie",""
phrases,p067.mp3,"a happy sheep",""
phrases,p070.mp3,"ride a bike",""
phrases,p071.mp3,"a kite in the sky",""
phrases,p072.mp3,"a bright night light",""
phrases,p073.mp3,"run home",""
phrases,p074.mp3,"a goat on a boat",""
phrases,p075.mp3,"the moon and a spoon",""
phrases,p076.mp3,"shout it out",""
phrases,p077.mp3,"a cute mule",""
phrases,p080.mp3,"corn on a fork",""
phrases,p081.mp3,"a little bird",""
phrases,p082.mp3,"a purple turtle",""
phrases,p083.mp3,"light the candle",""
phrases,p084.mp3,"a special day",""
phrases,p085.mp3,"write my name",""
phrases,p086.mp3,"a girl and a lamb",""
sentences,s001.mp3,"Max sat.","read smoothly with natural expression — this is the fluent model Evie imitates"
sentences,s002.mp3,"Tam has ham.","read smoothly with natural expression — this is the fluent model Evie imitates"
sentences,s003.mp3,"A man has a hat.","read smoothly with natural expression — this is the fluent model Evie imitates"
sentences,s004.mp3,"Sam has an ax.","read smoothly with natural expression — this is the fluent model Evie imitates"
sentences,s005.mp3,"Dad had a hat.","read smoothly with natural expression — this is the fluent model Evie imitates"
sentences,s006.mp3,"Max had wax and sand.","read smoothly with natural expression — this is the fluent model Evie imitates"
sentences,s007.mp3,"Sam was sad.","read smoothly with natural expression — this is the fluent model Evie imitates"
sentences,s008.mp3,"Dan ran fast.","read smoothly with natural expression — this is the fluent model Evie imitates"
sentences,s009.mp3,"A cat sat.","read smoothly with natural expression — this is the fluent model Evie imitates"
sentences,s010.mp3,"A man has a van.","read smoothly with natural expression — this is the fluent model Evie imitates"
sentences,s011.mp3,"Bill hid in a box.","read smoothly with natural expression — this is the fluent model Evie imitates"
sentences,s012.mp3,"A dog sat on a log.","read smoothly with natural expression — this is the fluent model Evie imitates"
sentences,s013.mp3,"A hen has an egg.","read smoothly with natural expression — this is the fluent model Evie imitates"
sentences,s014.mp3,"A bug is in a cup.","read smoothly with natural expression — this is the fluent model Evie imitates"
sentences,s015.mp3,"A fox ran up a hill.","read smoothly with natural expression — this is the fluent model Evie imitates"
sentences,s016.mp3,"A duck can quack.","read smoothly with natural expression — this is the fluent model Evie imitates"
sentences,s017.mp3,"Mom got a pup.","read smoothly with natural expression — this is the fluent model Evie imitates"
sentences,s018.mp3,"Jill can kick.","read smoothly with natural expression — this is the fluent model Evie imitates"
sentences,s019.mp3,"A pup dug in the mud.","read smoothly with natural expression — this is the fluent model Evie imitates"
sentences,s020.mp3,"The sun is hot.","read smoothly with natural expression — this is the fluent model Evie imitates"
sentences,s021.mp3,"Philip is sick, ill, and sad.","read smoothly with natural expression — this is the fluent model Evie imitates"
sentences,s022.mp3,"Sick Philip was fed in bed.","read smoothly with natural expression — this is the fluent model Evie imitates"
sentences,s023.mp3,"Phil will miss his pet cat.","read smoothly with natural expression — this is the fluent model Evie imitates"
sentences,s024.mp3,"Bill hid his quill in a big sack.","read smoothly with natural expression — this is the fluent model Evie imitates"
sentences,s025.mp3,"Quick, Jill, fix it!","read smoothly with natural expression — this is the fluent model Evie imitates"
sentences,s026.mp3,"The fish is in the dish.","read smoothly with natural expression — this is the fluent model Evie imitates"
sentences,s027.mp3,"A chick is in the shell.","read smoothly with natural expression — this is the fluent model Evie imitates"
sentences,s028.mp3,"Wash the dog in the bath.","read smoothly with natural expression — this is the fluent model Evie imitates"
sentences,s029.mp3,"The ship has a red flag.","read smoothly with natural expression — this is the fluent model Evie imitates"
sentences,s030.mp3,"Mom can chop the log with an ax.","read smoothly with natural expression — this is the fluent model Evie imitates"
sentences,s031.mp3,"The moth is on the path.","read smoothly with natural expression — this is the fluent model Evie imitates"
sentences,s032.mp3,"Quick, get the cat, Philip!","read smoothly with natural expression — this is the fluent model Evie imitates"
sentences,s033.mp3,"A frog can jump and swim.","read smoothly with natural expression — this is the fluent model Evie imitates"
sentences,s034.mp3,"The king can sing a song.","read smoothly with natural expression — this is the fluent model Evie imitates"
sentences,s035.mp3,"Tam and Max want ham.","read smoothly with natural expression — this is the fluent model Evie imitates"
sentences,s036.mp3,"Her wand is pink.","read smoothly with natural expression — this is the fluent model Evie imitates"
sentences,s037.mp3,"Max got a pink drink.","read smoothly with natural expression — this is the fluent model Evie imitates"
sentences,s038.mp3,"Mom and Dad had lunch.","read smoothly with natural expression — this is the fluent model Evie imitates"
sentences,s039.mp3,"A bug sat on a branch.","read smoothly with natural expression — this is the fluent model Evie imitates"
sentences,s040.mp3,"The gift is soft.","read smoothly with natural expression — this is the fluent model Evie imitates"
sentences,s041.mp3,"Sam can lift the raft.","read smoothly with natural expression — this is the fluent model Evie imitates"
sentences,s042.mp3,"The elf hid on the shelf.","read smoothly with natural expression — this is the fluent model Evie imitates"
sentences,s043.mp3,"Dan and Jill walk and talk.","read smoothly with natural expression — this is the fluent model Evie imitates"
sentences,s044.mp3,"The pup can fetch the hat.","read smoothly with natural expression — this is the fluent model Evie imitates"
sentences,s045.mp3,"The sun can melt it.","read smoothly with natural expression — this is the fluent model Evie imitates"
sentences,s046.mp3,"One duck sat on the bridge.","read smoothly with natural expression — this is the fluent model Evie imitates"
sentences,s047.mp3,"The prince can dance and sing.","read smoothly with natural expression — this is the fluent model Evie imitates"
sentences,s048.mp3,"Tam and Sam had fudge.","read smoothly with natural expression — this is the fluent model Evie imitates"
sentences,s049.mp3,"The clock on the shelf is black.","read smoothly with natural expression — this is the fluent model Evie imitates"
sentences,s050.mp3,"Her dress is fresh and pink.","read smoothly with natural expression — this is the fluent model Evie imitates"
sentences,s051.mp3,"Smell the fresh spring grass.","read smoothly with natural expression — this is the fluent model Evie imitates"
sentences,s052.mp3,"The snake is in the lake.","read smoothly with natural expression — this is the fluent model Evie imitates"
sentences,s053.mp3,"Mom made a cake.","read smoothly with natural expression — this is the fluent model Evie imitates"
sentences,s054.mp3,"The whale made a big wave.","read smoothly with natural expression — this is the fluent model Evie imitates"
sentences,s055.mp3,"Max and Tam are brave.","read smoothly with natural expression — this is the fluent model Evie imitates"
sentences,s056.mp3,"The train is in the rain.","read smoothly with natural expression — this is the fluent model Evie imitates"
sentences,s057.mp3,"The snail said, ""Wait!""","read smoothly with natural expression — this is the fluent model Evie imitates"
sentences,s058.mp3,"Jill can play all day.","read smoothly with natural expression — this is the fluent model Evie imitates"
sentences,s059.mp3,"The ship can sail away.","read smoothly with natural expression — this is the fluent model Evie imitates"
sentences,s060.mp3,"A hawk sat on a branch at dawn.","read smoothly with natural expression — this is the fluent model Evie imitates"
sentences,s061.mp3,"Dad can draw a whale.","read smoothly with natural expression — this is the fluent model Evie imitates"
sentences,s062.mp3,"The star is far, far away.","read smoothly with natural expression — this is the fluent model Evie imitates"
sentences,s063.mp3,"The queen fed the sheep.","read smoothly with natural expression — this is the fluent model Evie imitates"
sentences,s064.mp3,"He has a red car.","read smoothly with natural expression — this is the fluent model Evie imitates"
sentences,s065.mp3,"She can see the green tree.","read smoothly with natural expression — this is the fluent model Evie imitates"
sentences,s066.mp3,"The shark is in the dark sea.","read smoothly with natural expression — this is the fluent model Evie imitates"
sentences,s067.mp3,"We can eat a peach on the beach.","read smoothly with natural expression — this is the fluent model Evie imitates"
sentences,s068.mp3,"Pete had a dream.","read smoothly with natural expression — this is the fluent model Evie imitates"
sentences,s069.mp3,"My pie is sweet.","read smoothly with natural expression — this is the fluent model Evie imitates"
sentences,s070.mp3,"A fly is in the sky.","read smoothly with natural expression — this is the fluent model Evie imitates"
sentences,s071.mp3,"Mom can buy a bun and milk.","read smoothly with natural expression — this is the fluent model Evie imitates"
sentences,s072.mp3,"She can ride a bike.","read smoothly with natural expression — this is the fluent model Evie imitates"
sentences,s073.mp3,"My kite can fly high.","read smoothly with natural expression — this is the fluent model Evie imitates"
sentences,s074.mp3,"The light is bright at night.","read smoothly with natural expression — this is the fluent model Evie imitates"
sentences,s075.mp3,"The dog dug up a bone.","read smoothly with natural expression — this is the fluent model Evie imitates"
sentences,s076.mp3,"The goat is on the boat.","read smoothly with natural expression — this is the fluent model Evie imitates"
sentences,s077.mp3,"Look at the moon.","read smoothly with natural expression — this is the fluent model Evie imitates"
sentences,s078.mp3,"A cow can shout out loud.","read smoothly with natural expression — this is the fluent model Evie imitates"
sentences,s079.mp3,"The boy has a blue toy.","read smoothly with natural expression — this is the fluent model Evie imitates"
sentences,s080.mp3,"The cute mule ate the fruit.","read smoothly with natural expression — this is the fluent model Evie imitates"
sentences,s081.mp3,"A rose grew at home.","read smoothly with natural expression — this is the fluent model Evie imitates"
sentences,s082.mp3,"The earth is my home.","read smoothly with natural expression — this is the fluent model Evie imitates"
sentences,s083.mp3,"A little bird sat on the girl.","read smoothly with natural expression — this is the fluent model Evie imitates"
sentences,s084.mp3,"The turtle is purple.","read smoothly with natural expression — this is the fluent model Evie imitates"
sentences,s085.mp3,"The lamb is little and sweet.","read smoothly with natural expression — this is the fluent model Evie imitates"
sentences,s086.mp3,"Light the candle at night.","read smoothly with natural expression — this is the fluent model Evie imitates"
sentences,s087.mp3,"The girl had a special day.","read smoothly with natural expression — this is the fluent model Evie imitates"
sentences,s088.mp3,"She can write with a pen.","read smoothly with natural expression — this is the fluent model Evie imitates"
sentences,s089.mp3,"The knight had corn on a fork.","read smoothly with natural expression — this is the fluent model Evie imitates"
